date,ln_gov_exp,ln_gdp_non,ln_imports,ln_cpi,ln_credit
2002-01-01,5.586751713918469,5.427692299136014,5.762500088048511,3.870900593639112,1.6012208377183368
2002-04-01,5.5663104784102515,5.423149552329071,5.764254689119833,3.8771143802200405,1.7105691307968063
2002-07-01,5.524130085832915,5.418131969284004,5.731819439245289,3.8894273059347517,1.8988426943952719
2002-10-01,5.457323459325184,5.412622951349151,5.661162267253674,3.907617013291515,2.127903035636733
2003-01-01,5.3606822644583225,5.4066131714652945,5.542276056757731,3.9313664471053307,2.3692473632450093
2003-04-01,5.26794320725888,5.40088783804621,5.430793307927479,3.9503685840163225,2.8834330903131247
2003-07-01,5.181267271706975,5.395468674119447,5.329409709590903,3.9648803730139486,3.399723506148675
2003-10-01,5.103184142975469,5.390359579956139,5.241226043871051,3.9750905173164073,3.848661052772951
2004-01-01,5.036479427445794,5.3951413082016275,5.175719931646008,3.9811279991057713,4.231183972867269
2004-04-01,4.958258190714372,5.3951891927905455,5.093648998497297,3.985932368659245,4.447106258226856
2004-07-01,4.865998553450954,5.403586148411088,4.999754861226603,3.9895211719844856,4.571332336314063
2004-10-01,4.7561015658423145,5.415317438509456,4.8853229558831925,3.9919073879671614,4.631603274888305
2005-01-01,4.6231990616401415,5.437329013341965,4.748945881817,3.9930995863344525,4.638573126131518
2005-04-01,4.546407551409886,5.441728790702258,4.642558629864775,3.9958026089518044,4.650995672902377
2005-07-01,4.540238425020346,5.433838776351665,4.583040745191736,4.000004243481099,4.6686700972796595
2005-10-01,4.6059647924283365,5.4138845793156785,4.579272226220413,4.005685658900271,4.691320505569788
2006-01-01,4.730851810362174,5.3901978914403,4.641728075276387,4.012821683800453,4.7186095834082735
2006-04-01,4.848640166981699,5.377795482159115,4.731819157852347,4.025391804363763,4.727366251126779
2006-07-01,4.96006854080522,5.387684617969214,4.852830993570324,4.043193500963921,4.718074703875655
2006-10-01,5.06576981136974,5.403039335604444,4.98257422879903,4.065949918080541,4.690220841345935
2007-01-01,5.166289582139774,5.438919817066747,5.128800606880825,4.093323506767622,4.642193468813098
2007-04-01,5.238949470119436,5.4774582060079124,5.2219333159569565,4.120726618237721,4.609378201623697
2007-07-01,5.288915470382112,5.506925077201723,5.2681139544340985,4.148137171910769,4.593372180526561
2007-10-01,5.319259632185855,5.524366280053494,5.271610049210479,4.175534813364006,4.594999126261759
2008-01-01,5.331677483453141,5.551031647386093,5.2473999667204225,4.20290082169658,4.61417392953669
2008-04-01,5.35870097870667,5.577579213975376,5.2767958242981585,4.221078095812121,4.627800617687327
2008-07-01,5.399181686387019,5.6079223477117415,5.35825822028753,4.23055052838506,4.636099525007173
2008-10-01,5.451528108313004,5.642532723121445,5.481637522609737,4.231562195297893,4.639201431733968
2009-01-01,5.513893206052467,5.651636451613286,5.618125939730619,4.224138843450387,4.63715456965338
2009-04-01,5.558864729559714,5.658886763775476,5.69312736908088,4.222920230128167,4.637460627739548
2009-07-01,5.5885683213496335,5.699683067980925,5.737472770103579,4.227929011565782,4.640117449100787
2009-10-01,5.6042893679061665,5.75441103872931,5.747198382059559,4.239072472665527,4.645106374643525
2010-01-01,5.606672488678843,5.755204420888366,5.6863591706046694,4.256148163273434,4.652392676991706
2010-04-01,5.600185643986887,5.782714588669141,5.668824555503227,4.278151468707812,4.6734722371825015
2010-07-01,5.584654016511766,5.792678309687116,5.671763150532536,4.3047580855005005,4.707496287324158
2010-10-01,5.559648013700079,5.793760243985959,5.699659672917416,4.335597586131505,4.753179067798939
2011-01-01,5.524442167062985,5.829100498312822,5.774208194193013,4.37026874084859,4.808946842103033
2011-04-01,5.501394498077036,5.828300971420203,5.804201034211447,4.403869379315979,4.862403037595249
2011-07-01,5.49138227029558,5.835005081447068,5.8167377969878915,4.436466089467682,4.913749176342975
2011-10-01,5.494801312637709,5.863526761958269,5.820410301913947,4.46811942296321,4.963161152817848
2012-01-01,5.511515430837779,5.854235792920217,5.782688818030834,4.498884603489039,5.0107934127537685
2012-04-01,5.506159791270583,5.8688775969704245,5.740426406229641,4.524210395086899,5.055159432770643
2012-07-01,5.478373056369253,5.897086173638451,5.686460258162611,4.544480044758345,5.096584873935578
2012-10-01,5.426204157939296,5.924539983620078,5.608501927222302,4.559984442842094,5.135346835012542
2013-01-01,5.345620797378097,5.892051325916739,5.451329605742787,4.5709369958401345,5.171682965818108
2013-04-01,5.2966122100525554,5.908363275466886,5.373001199084013,4.578707960644763,5.198224398392522
2013-07-01,5.284211304385306,5.927588642509192,5.3525043601393865,4.583370300157028,5.215706054781923
2013-10-01,5.309781488669588,5.939816615012958,5.384200858056905,4.5849671574048365,5.224587576039502
2014-01-01,5.370552136960509,5.923717148558412,5.44577384248492,4.583513200977091,5.225095335400145
2014-04-01,5.413906450325297,5.959156074026086,5.512457908743211,4.583445201131514,5.237875613105871
2014-07-01,5.441907280057,5.97748609579993,5.532014356443919,4.584763440435865,5.262467468839731
2014-10-01,5.455779088747134,5.982090888837832,5.5093485505092,4.587462449023826,5.298021279313665
2015-01-01,5.456099064563612,6.007684750446585,5.471515008471805,4.591531079978764,5.343391272370045
2015-04-01,5.456500236651504,5.949762862925552,5.382908675424237,4.592700328497543,5.365928066093169
2015-07-01,5.456982507287996,5.968208168311531,5.389329900517832,4.590980360139615,5.367129119362913
2015-10-01,5.457545759116251,6.014385739711832,5.448257778098128,4.586356211683081,5.347071989636739
2016-01-01,5.458189855240401,5.9920868861422365,5.470420387230003,4.578787354371521,5.304431778989548
2016-04-01,5.453278704742092,6.0138952865755595,5.509969720285598,4.573559862495661,5.300371336114758
2016-07-01,5.4427297408770015,6.029921521419932,5.524760204126854,4.570710843549781,5.335354440463207
2016-10-01,5.426362362268351,6.0237957864470895,5.501382623540581,4.570260712301998,5.405519628122187
2017-01-01,5.403887366607206,5.985554444989954,5.428025217410574,4.572212706584255,5.503980823288529
2017-04-01,5.387316468640244,5.981915695924729,5.402010864906248,4.575778347770077,5.56245460216692
2017-07-01,5.376954299422668,5.975302588065554,5.391413394033035,4.580940435472332,5.587294250607357
2017-10-01,5.372997394394703,5.9879270002066445,5.416957043025081,4.587674320140796,5.580937869682662
2018-01-01,5.375522056281236,5.9491812944260785,5.414217472217543,4.595948289839486,5.542775485004189
2018-04-01,5.379330436916673,5.955995576522884,5.43232793617236,4.6029256447722,5.518256235621936
2018-07-01,5.384407907496864,5.988590566297989,5.453744536889542,4.608632924162679,5.508428976488841
2018-10-01,5.390735165446596,6.016803310794698,5.452988611491471,4.613091517846121,5.513730941784726
2019-01-01,5.398288475115876,6.00569455437851,5.396162806375077,4.616317938837719,5.533925014513222
2019-04-01,5.4074755584935135,6.000621403376561,5.3626593863449,4.6186084912743635,5.558213839804403
2019-07-01,5.41825127328011,6.017374940096267,5.370009074665231,4.619969575070598,5.586296440811332
2019-10-01,5.43056389432743,5.9934992611061855,5.356969194649887,4.620404976977479,5.617845665731198
2020-01-01,5.444355898781871,5.936114655955879,5.3320992273818195,4.61991590581279,5.652519087656383
2020-04-01,5.4565816226576,5.88696391869856,5.2931314573553765,4.62187757178955,5.6733915061998355
2020-07-01,5.467295717671527,5.925039144172349,5.311930106755074,4.626275604675351,5.681297125149677
2020-10-01,5.47654482141539,5.91359281606766,5.257726711152706,4.633078023995938,5.676541295722331
2021-01-01,5.484368271812759,5.898791856758692,5.167996150278012,4.642236006415154,5.658941012283332
2021-04-01,5.489618975690154,5.919933492325204,5.155350350639501,4.65330073014778,5.675115524974968
2021-07-01,5.4923370486877525,5.9484188365388215,5.193223084756834,4.666208668920439,5.723486563841897
2021-10-01,5.492543064267396,6.008954642674267,5.30295454020082,4.680887767041302,5.799662852705134
2022-01-01,5.490238576459432,5.9635610856089345,5.335730578065689,4.697258695571099,5.897640357612202
2022-04-01,5.487892183809874,5.985655183659256,5.409280106766789,4.714262565169612,5.979901547052018
2022-07-01,5.485503603260512,6.007132485914678,5.458627956651569,4.731863117799048,6.049405939775995
2022-10-01,5.483072545088704,5.9778028982662494,5.443025863350614,4.750024366178466,6.108261053150985
2023-01-01,5.480598712779406,6.00703965547098,5.460797107992776,4.768710760367228,6.1580098332980775
2023-04-01,5.478739314100682,5.993816879439707,5.445441869688187,4.782499915935919,6.193761732569822
2023-07-01,5.477497791442016,6.016743504118317,5.467091166389856,4.79158817276283,6.216905405597733
2023-10-01,5.476876451616918,6.010794866282962,5.4675311406370914,4.796101514021217,6.22827943162522
