date,ln_gov_exp,ln_gdp_non,ln_imports,ln_cpi,ln_credit,shock_2006,shock_2009,shock_2012,shock_2016,shock_covid
2002-01-01,5.586751713918469,5.425268492947394,5.788406824841361,3.870900593639112,1.6012208377183368,0,0,0,0,0
2002-04-01,5.5663104784102515,5.423329915809062,5.765758820866503,3.877114380220041,1.7105691307968065,0,0,0,0,0
2002-07-01,5.524130085832915,5.419441450730642,5.718863384494073,3.889427305934752,1.898842694395272,0,0,0,0,0
2002-10-01,5.457323459325184,5.413580254981616,5.644119763684093,3.907617013291515,2.127903035636733,0,0,0,0,0
2003-01-01,5.3606822644583225,5.405711502504709,5.534888300022847,3.9313664471053302,2.3692473632450093,0,0,0,0,0
2003-04-01,5.26794320725888,5.399599424217,5.430267353086062,3.9503685840163225,2.8834330903131247,0,0,0,0,0
2003-07-01,5.181267271706975,5.39527672899505,5.333283703382669,3.964880373013949,3.399723506148675,0,0,0,0,0
2003-10-01,5.103184142975469,5.392766832820386,5.247548365815836,3.9750905173164073,3.848661052772951,0,0,0,0,0
2004-01-01,5.036479427445794,5.39208344036074,5.177043499334392,3.9811279991057713,4.231183972867269,0,0,0,0,0
2004-04-01,4.958258190714372,5.395927418071516,5.094854824276665,3.985932368659245,4.447106258226856,0,0,0,0,0
2004-07-01,4.865998553450954,5.404246916273682,4.99832853522451,3.9895211719844856,4.571332336314063,0,0,0,0,0
2004-10-01,4.7561015658423145,5.416931289378265,4.883662952713882,3.9919073879671614,4.631603274888305,0,0,0,0,0
2005-01-01,4.6231990616401415,5.433815908760488,4.745152721945856,3.993099586334453,4.638573126131518,0,0,0,0,0
2005-04-01,4.546407551409886,5.4396711235784565,4.640851790142497,3.995802608951805,4.650995672902377,0,0,0,0,0
2005-07-01,4.540238425020346,5.434689823970919,4.584307479038134,4.000004243481099,4.6686700972796595,0,0,0,0,0
2005-10-01,4.6059647924283365,5.418708079335786,4.584290163144252,4.005685658900271,4.691320505569788,1,0,0,0,0
2006-01-01,4.730851810362174,5.391186722215836,4.640802697524997,4.012821683800453,4.7186095834082735,1,0,0,0,0
2006-04-01,4.848640166981699,5.379369428721853,4.73243483558934,4.025391804363763,4.727366251126779,1,0,0,0,0
2006-07-01,4.96006854080522,5.383819991752656,4.850203767902728,4.043193500963921,4.718074703875655,1,0,0,0,0
2006-10-01,5.06576981136974,5.4043242879482865,4.985054188873995,4.065949918080541,4.690220841345935,1,0,0,0,0
2007-01-01,5.166289582139774,5.439923525386377,5.129348163373793,4.093323506767622,4.642193468813098,1,0,0,0,0
2007-04-01,5.238949470119436,5.472830564448534,5.218792054251999,4.120726618237721,4.609378201623697,1,0,0,0,0
2007-07-01,5.288915470382112,5.503264787263701,5.2659147052355,4.148137171910769,4.593372180526561,1,0,0,0,0
2007-10-01,5.319259632185855,5.531415216123821,5.276297730209755,4.175534813364006,4.594999126261759,0,0,0,0,0
2008-01-01,5.331677483453141,5.557445562401564,5.2510870487433,4.20290082169658,4.61417392953669,0,0,0,0,0
2008-04-01,5.35870097870667,5.582850763101833,5.279932487005937,4.221078095812121,4.627800617687327,0,0,0,0,0
2008-07-01,5.399181686387019,5.607660912370206,5.358440461833556,4.23055052838506,4.636099525007173,0,0,0,0,0
2008-10-01,5.451528108313004,5.6319039806231626,5.475978237827849,4.231562195297893,4.639201431733968,0,0,0,0,0
2009-01-01,5.513893206052467,5.655606009796004,5.6197788443837435,4.224138843450387,4.63715456965338,0,1,0,0,0
2009-04-01,5.558864729559714,5.679511167310995,5.703292953748299,4.222920230128167,4.637460627739548,0,1,0,0,0
2009-07-01,5.5885683213496335,5.703592219011383,5.739659303851801,4.227929011565782,4.640117449100787,0,1,0,0,0
2009-10-01,5.6042893679061665,5.727823438920501,5.73380779671145,4.239072472665527,4.645106374643525,0,1,0,0,0
2010-01-01,5.606672488678843,5.7521805800680506,5.684974687414176,4.256148163273434,4.652392676991706,0,1,0,0,0
2010-04-01,5.600185643986887,5.773361680269601,5.663429583863448,4.278151468707812,4.6734722371825015,0,1,0,0,0
2010-07-01,5.584654016511766,5.791553335439273,5.670978289444562,4.3047580855005005,4.707496287324158,0,1,0,0,0
2010-10-01,5.559648013700079,5.806908672244837,5.706978112547468,4.335597586131505,4.753179067798939,0,1,0,0,0
2011-01-01,5.524442167062985,5.819552010038341,5.768510275271896,4.37026874084859,4.808946842103033,0,0,0,0,0
2011-04-01,5.501394498077036,5.8323858638196,5.806137269576006,4.403869379315979,4.862403037595249,0,0,0,0,0
2011-07-01,5.49138227029558,5.845400965301035,5.822386776645865,4.436466089467682,4.913749176342975,0,0,0,0,0
2011-10-01,5.494801312637709,5.858588212881304,5.81828207226734,4.46811942296321,4.963161152817848,0,0,0,0,0
2012-01-01,5.511515430837779,5.871938681599736,5.793568417263449,4.498884603489039,5.0107934127537685,0,0,0,0,0
2012-04-01,5.506159791270583,5.883068431114489,5.749283763446319,4.524210395086899,5.055159432770643,0,0,0,0,0
2012-07-01,5.478373056369253,5.89204910495686,5.682710994174675,4.544480044758345,5.096584873935578,0,0,0,0,0
2012-10-01,5.426204157939296,5.898937174218579,5.589190534168189,4.559984442842094,5.135346835012542,0,0,1,0,0
2013-01-01,5.345620797378097,5.9037751569753105,5.4608127815981025,4.5709369958401345,5.171682965818108,0,0,1,0,0
2013-04-01,5.2966122100525554,5.911053266703338,5.375490751958773,4.578707960644763,5.198224398392522,0,0,1,0,0
2013-07-01,5.284211304385306,5.920718484733266,5.346111051378963,4.583370300157028,5.215706054781923,0,0,1,0,0
2013-10-01,5.309781488669588,5.932701780343644,5.377699095359198,4.5849671574048365,5.224587576039502,0,0,1,0,0
2014-01-01,5.370552136960509,5.946919704114567,5.464864518343812,4.583513200977091,5.225095335400145,0,0,1,0,0
2014-04-01,5.413906450325297,5.958124766920207,5.511621822900911,4.583445201131514,5.237875613105871,0,0,1,0,0
2014-07-01,5.441907280057,5.966415321090499,5.5232546127497395,4.584763440435865,5.262467468839731,0,0,1,0,0
2014-10-01,5.455779088747134,5.971862498732056,5.500986588734715,4.587462449023826,5.298021279313665,0,0,0,0,0
2015-01-01,5.456099064563612,5.974512291137477,5.442444525459656,4.591531079978764,5.343391272370045,0,0,0,0,0
2015-04-01,5.456500236651504,5.979923925787302,5.410400771083718,4.592700328497543,5.365928066093169,0,0,0,0,0
2015-07-01,5.456982507287996,5.988052830047147,5.407524045015639,4.590980360139615,5.367129119362913,0,0,0,0,0
2015-10-01,5.457545759116251,5.998833097595348,5.4340634941862165,4.586356211683081,5.347071989636739,0,0,0,0,0
2016-01-01,5.458189855240401,6.012179231578025,5.4877807030084655,4.578787354371521,5.304431778989548,0,0,0,1,0
2016-04-01,5.453278704742092,6.018602604880958,5.5140128955374115,4.573559862495661,5.300371336114758,0,0,0,1,0
2016-07-01,5.4427297408770015,6.0182355281382955,5.514848954321818,4.570710843549781,5.335354440463207,0,0,0,1,0
2016-10-01,5.426362362268351,6.011070493943342,5.490353309563248,4.570260712301998,5.405519628122187,0,0,0,1,0
2017-01-01,5.403887366607206,5.996959657964972,5.438583386741944,4.572212706584255,5.503980823288529,0,0,0,1,0
2017-04-01,5.387316468640244,5.985541572281767,5.405397056629486,4.575778347770077,5.56245460216692,0,0,0,1,0
2017-07-01,5.376954299422668,5.976911452538404,5.392757536623735,4.580940435472332,5.587294250607357,0,0,0,1,0
2017-10-01,5.372997394394703,5.97114296747065,5.401452495575353,4.587674320140796,5.580937869682662,0,0,0,1,0
2018-01-01,5.375522056281236,5.9682861903565305,5.430937656686844,4.595948289839486,5.542775485004189,0,0,0,1,0
2018-04-01,5.379330436916673,5.971046662952013,5.445470910173086,4.6029256447722,5.518256235621936,0,0,0,1,0
2018-07-01,5.384407907496864,5.979378166527426,5.445691688049921,4.608632924162679,5.508428976488841,0,0,0,1,0
2018-10-01,5.390735165446596,5.9931429865615815,5.431609534896926,4.613091517846121,5.513730941784726,0,0,0,1,0
2019-01-01,5.398288475115876,6.012119357104016,5.4026055241031905,4.616317938837719,5.533925014513222,0,0,0,0,0
2019-04-01,5.4074755584935135,6.016527138857683,5.378315159894457,4.6186084912743635,5.558213839804403,0,0,0,0,0
2019-07-01,5.41825127328011,6.006559005148763,5.359108643533811,4.619969575070598,5.586296440811332,0,0,0,0,0
2019-10-01,5.43056389432743,5.9817763321808615,5.345293950647736,4.620404976977479,5.617845665731198,0,0,0,0,0
2020-01-01,5.444355898781871,5.941042587207146,5.337101272351845,4.61991590581279,5.652519087656383,0,0,0,0,1
2020-04-01,5.4565816226576,5.913999216715365,5.318725959033589,4.62187757178955,5.6733915061998355,0,0,0,0,1
2020-07-01,5.467295717671527,5.9018149730325495,5.289594253958796,4.626275604675351,5.681297125149677,0,0,0,0,1
2020-10-01,5.47654482141539,5.905040620209381,5.248744143852863,4.633078023995938,5.676541295722331,0,0,0,0,1
2021-01-01,5.484368271812759,5.923528850662311,5.194711116267451,4.642236006415154,5.658941012283332,0,0,0,0,1
2021-04-01,5.489618975690154,5.939366185545296,5.177137268350576,4.65330073014778,5.675115524974968,0,0,0,0,1
2021-07-01,5.4923370486877525,5.952671895560153,5.197964296344453,4.666208668920439,5.723486563841897,0,0,0,0,1
2021-10-01,5.492543064267396,5.963542851348115,5.2548993300801365,4.680887767041302,5.799662852705134,0,0,0,0,1
2022-01-01,5.490238576459432,5.972056001583598,5.342194037865336,4.697258695571099,5.897640357612202,0,0,0,0,0
2022-04-01,5.487892183809874,5.980084046586464,5.402996605368669,4.714262565169612,5.979901547052018,0,0,0,0,0
2022-07-01,5.485503603260512,5.98763802140484,5.441563454994272,4.731863117799048,6.049405939775995,0,0,0,0,0
2022-10-01,5.483072545088704,5.994728124632248,5.460292983948155,4.750024366178466,6.108261053150985,0,0,0,0,0
2023-01-01,5.480598712779406,6.001363768175885,5.460272800914743,4.768710760367228,6.1580098332980775,0,0,0,0,0
2023-04-01,5.478739314100682,6.006311763837977,5.460257663372353,4.782499915935919,6.193761732569822,0,0,0,0,0
2023-07-01,5.477497791442016,6.009596878266983,5.460247571550123,4.79158817276283,6.216905405597733,0,0,0,0,0
2023-10-01,5.476876451616918,6.011235397333431,5.4602425256008145,4.796101514021217,6.22827943162522,0,0,0,0,0
