Response,Horizon,Impulse,10%,16%,50%,84%,90%
N.O. GDP,1,N.O. GDP,0.02282399019990228,0.023368111472369744,0.02522318582398305,0.027148829248186682,0.02782215774138698
N.O. GDP,1,Gov Exp,0,0,0,0,0
N.O. GDP,1,Imports,0,0,0,0,0
N.O. GDP,1,CPI,0,0,0,0,0
N.O. GDP,1,Credit,0,0,0,0,0
N.O. GDP,2,N.O. GDP,0.045730567481741355,0.04683236235790551,0.05179118655885709,0.057314701462320206,0.0591627281759507
N.O. GDP,2,Gov Exp,-0.003018263675752685,-0.002338393897433532,1.8288400257979577e-5,0.0024410661202817407,0.00313466876547087
N.O. GDP,2,Imports,-0.001251338514989579,-6.607064611128051e-4,0.0012939187620146135,0.0032440505038502316,0.0038391157342835608
N.O. GDP,2,CPI,-0.003122155348777282,-0.0023630079679848163,1.57626788944123e-4,0.0026788552722520937,0.003426465836330568
N.O. GDP,2,Credit,-0.003835515108266495,-0.0033094448579090033,-0.0014655750520339603,3.085433406334638e-4,8.657797502308218e-4
N.O. GDP,3,N.O. GDP,0.06480234899171138,0.06712439681787155,0.07609698334391293,0.08743480465097095,0.09098497989956494
N.O. GDP,3,Gov Exp,-0.006140207554262762,-0.004421159319376675,0.0014621301129142316,0.0075097024102603665,0.009318545797147394
N.O. GDP,3,Imports,-0.002702110900046748,-0.0012310135553727682,0.004099706810262095,0.009313026275595845,0.010922103521628099
N.O. GDP,3,CPI,-0.00734229399521288,-0.00559173254304642,6.86649927487744e-4,0.006990254882679438,0.008819508397238687
N.O. GDP,3,Credit,-0.009687051477759483,-0.008119446301858312,-0.0033292911729383996,0.0016440333473309776,0.0030788750660065175
N.O. GDP,4,N.O. GDP,0.08049643024900827,0.08390899095641546,0.0975574439957813,0.11582021478895187,0.12172077584341877
N.O. GDP,4,Gov Exp,-0.008206107289400254,-0.005147978423723483,0.004985310941989755,0.015346472179348505,0.0183199983013354
N.O. GDP,4,Imports,-0.003829103916872318,-0.0011648029233927706,0.008593182690070237,0.0179000477504775,0.021037611896338113
N.O. GDP,4,CPI,-0.011679194083318288,-0.008794288544660203,0.0019151812796043323,0.012414708716386932,0.01575341080572376
N.O. GDP,4,Credit,-0.015785677944933463,-0.013348161548419061,-0.00466568156834306,0.004249254236963774,0.006739024562893305
N.O. GDP,5,N.O. GDP,0.09312673245231415,0.09771720989846795,0.11726721059373363,0.14298984653888616,0.15187384498430426
N.O. GDP,5,Gov Exp,-0.008827106103817369,-0.004060057272157428,0.010821212025699918,0.026065727107602632,0.030709576125832402
N.O. GDP,5,Imports,-0.004296471476131312,-1.9596461427155113e-4,0.014530887334757922,0.028732474616316228,0.03337318329647357
N.O. GDP,5,CPI,-0.016178150959702032,-0.011736125517258512,0.00403720067000566,0.01932113441093525,0.023775198428077102
N.O. GDP,5,Credit,-0.021647445129705,-0.017785589025248162,-0.005115055328911456,0.008036541520592574,0.011857703244400844
N.O. GDP,6,N.O. GDP,0.10328875772376428,0.10949643505685148,0.1350304696426179,0.17019570646038418,0.1825929052096723
N.O. GDP,6,Gov Exp,-0.00721750698528977,-0.0015507330647187574,0.0190180262908876,0.03984167172730907,0.0459312831877858
N.O. GDP,6,Imports,-0.004011213533157901,0.0017440506669785518,0.02133255764226342,0.041157534914477344,0.047681536606698695
N.O. GDP,6,CPI,-0.020461017422065644,-0.014205771408234324,0.006892989940415924,0.02701254524473016,0.032814205732170205
N.O. GDP,6,Credit,-0.026175508947432605,-0.021740458475952112,-0.004525895633567235,0.01308930725120928,0.018115896095369028
N.O. GDP,7,N.O. GDP,0.11156882581620325,0.11973593927383085,0.15101133050894083,0.19665796609847397,0.21421333196950534
N.O. GDP,7,Gov Exp,-0.004387067960676979,0.003194225743286948,0.029659530975813458,0.056609143290921364,0.06500535772188444
N.O. GDP,7,Imports,-0.003217047339135144,0.0037877379725714654,0.029290155027373622,0.055171368331688765,0.06298355126457084
N.O. GDP,7,CPI,-0.025601301393732775,-0.017133624814976982,0.010632280793800138,0.03585682082878793,0.04334278254501692
N.O. GDP,7,Credit,-0.030456299105565236,-0.02478153323746114,-0.0033223524688943172,0.0188286003737679,0.025492415875509572
N.O. GDP,8,N.O. GDP,0.11822202912390856,0.12727633978826894,0.1666346479880325,0.22354558344900055,0.2476788973658566
N.O. GDP,8,Gov Exp,-5.619630505851489e-4,0.009877198301594843,0.04208241531628565,0.07629564346731878,0.08623794170895316
N.O. GDP,8,Imports,-0.0032974313343633287,0.005687924653316552,0.0370273810899544,0.06918622678074353,0.07910091491674395
N.O. GDP,8,CPI,-0.03085175362860612,-0.020388229487881195,0.014850189987500761,0.045503800392086444,0.05513465123057584
N.O. GDP,8,Credit,-0.034112423630974366,-0.02725706465964987,-0.0013934266986769135,0.025528118081023315,0.03396255162913606
N.O. GDP,9,N.O. GDP,0.1235894982600943,0.13371297015787992,0.18126046725180345,0.2522739861343384,0.2808767974400258
N.O. GDP,9,Gov Exp,0.005462704186802984,0.017158996197941038,0.05655059418803274,0.09811182351689465,0.10989755412163513
N.O. GDP,9,Imports,-0.004464575287210978,0.007301073175142136,0.04488525530474108,0.08276487499412312,0.0957150295628555
N.O. GDP,9,CPI,-0.03794296657502968,-0.023821934772447706,0.019339731840060256,0.05607495995003065,0.06768436307818096
N.O. GDP,9,Credit,-0.03789427586293444,-0.029341355565470833,5.628261376362607e-4,0.03239525709341596,0.04282791213488715
N.O. GDP,10,N.O. GDP,0.12772587458735013,0.13951815357928424,0.19461864622984987,0.2813406096200236,0.3156772979489153
N.O. GDP,10,Gov Exp,0.0111471468431941,0.02532787900564113,0.07130198840878021,0.12225184584780187,0.13651675788541398
N.O. GDP,10,Imports,-0.006128184873912021,0.007301103417616112,0.05137881243639842,0.09646502067148582,0.11199080791912726
N.O. GDP,10,CPI,-0.046687541392043265,-0.0274878898452422,0.023942220734534392,0.06720352782831086,0.080810447302928
N.O. GDP,10,Credit,-0.041134997829662026,-0.03149954825507716,0.002627976317086371,0.03984773408320639,0.05188067046970351
N.O. GDP,11,N.O. GDP,0.12925090005826032,0.14434041058574437,0.2077756864903459,0.3123718527158724,0.35209589965597876
N.O. GDP,11,Gov Exp,0.01712378546792904,0.0339505414619619,0.08731764754803498,0.14695471880106292,0.16431175046871402
N.O. GDP,11,Imports,-0.0094651856556548,0.0055420397669207954,0.05727055333362786,0.10878803858431535,0.12676583969316638
N.O. GDP,11,CPI,-0.0555521291441476,-0.033653172769702484,0.028502894574706727,0.07959564141704416,0.095112384873624
N.O. GDP,11,Credit,-0.0445270974825219,-0.03382661217455236,0.004347886790847761,0.04682573031204585,0.06089967221165106
N.O. GDP,12,N.O. GDP,0.12962350395407635,0.14754982286953044,0.22110163537290412,0.34392299943005916,0.39039578428393334
N.O. GDP,12,Gov Exp,0.02430329647244502,0.04342092691394406,0.10418621969994583,0.17323631635939898,0.19449033266477161
N.O. GDP,12,Imports,-0.015163137094498392,0.002412045878028781,0.0614505256333986,0.12087148819475488,0.1407546388134888
N.O. GDP,12,CPI,-0.06620230049484317,-0.039735979618107986,0.032924463549792005,0.09225698369434812,0.10931011921214707
N.O. GDP,12,Credit,-0.04879437455911476,-0.03571728469938837,0.006476982864080541,0.053880129886116526,0.0706497806217699
N.O. GDP,13,N.O. GDP,0.12933979994129807,0.14913161697872362,0.23278160039397477,0.3754813976693437,0.43025107300691895
N.O. GDP,13,Gov Exp,0.031005916097634326,0.05251103898858786,0.12092576546088496,0.1997765877736514,0.22559580338481083
N.O. GDP,13,Imports,-0.023697043280849255,-0.0035002968588813874,0.06363167410412676,0.12977710380278878,0.1531385412072389
N.O. GDP,13,CPI,-0.07860199919926197,-0.047008818405732004,0.03731034890309404,0.10556638519543259,0.12500428220282403
N.O. GDP,13,Credit,-0.051938759557996345,-0.038049454880558845,0.008301721017239052,0.06088050524207972,0.07944053386460659
N.O. GDP,14,N.O. GDP,0.12704028157551453,0.1494487982282293,0.2442617821524889,0.40697360015090567,0.4677520806492431
N.O. GDP,14,Gov Exp,0.037665139067310456,0.0609872586505197,0.13779307251956155,0.2270171050149911,0.25782260676468677
N.O. GDP,14,Imports,-0.03429990929889283,-0.01128074976750787,0.0647681039170763,0.1382030147730287,0.16422721581482772
N.O. GDP,14,CPI,-0.09237635110651644,-0.05492222685802442,0.04242886974646093,0.11868083674585149,0.14053002838818487
N.O. GDP,14,Credit,-0.0560640431420778,-0.04061412452124301,0.009930991026043168,0.06767466973437047,0.08913187049378571
N.O. GDP,15,N.O. GDP,0.12509064032677386,0.1479985382168623,0.2541347596206948,0.43861047351475146,0.5132969737407458
N.O. GDP,15,Gov Exp,0.04266734455880009,0.06913862360161191,0.15299525244408974,0.25458150090718806,0.29120790418300224
N.O. GDP,15,Imports,-0.04558408645227458,-0.020590044227036544,0.06394343441514613,0.14522441198766592,0.17475392536609732
N.O. GDP,15,CPI,-0.11007505121255198,-0.06336515187764064,0.046881591941689504,0.13134837397457264,0.1563789923356489
N.O. GDP,15,Credit,-0.06071408392336576,-0.043539561681346414,0.011737136061384438,0.07491962379235799,0.09841680255565577
N.O. GDP,16,N.O. GDP,0.12019027541199648,0.14512095801999964,0.2624851525107712,0.466505260572965,0.5587315914558015
N.O. GDP,16,Gov Exp,0.048548772265620155,0.07597772543740097,0.16865480108443337,0.2802623898227004,0.32449924465830915
N.O. GDP,16,Imports,-0.06061643432273295,-0.031797538142709275,0.06113109610376754,0.1516815000963853,0.18311152434062172
N.O. GDP,16,CPI,-0.12803207304345032,-0.0730786953564111,0.05184930028589961,0.1445517271006152,0.17261276997428682
N.O. GDP,16,Credit,-0.06594222978042338,-0.04639916953100376,0.013091993717833672,0.08275432504564025,0.10824841041738349
N.O. GDP,17,N.O. GDP,0.11413009497132762,0.14073970188091278,0.269735292856781,0.4985803452013697,0.604114846194914
N.O. GDP,17,Gov Exp,0.052437658216771786,0.08246247799654481,0.18183211608568986,0.30578241392742456,0.3539175525974879
N.O. GDP,17,Imports,-0.07774786958914469,-0.04316208434547857,0.057807545417377426,0.15517228615875805,0.19018750313708122
N.O. GDP,17,CPI,-0.14836690084369922,-0.08503132576521705,0.05739728704866519,0.15821695216668388,0.18859681318720173
N.O. GDP,17,Credit,-0.0692804928650961,-0.04854126117386306,0.01529952754022374,0.08892162340237275,0.12006320261537068
N.O. GDP,18,N.O. GDP,0.10613356154612844,0.1354137995786226,0.27326196386034285,0.532131865149904,0.6510797712132939
N.O. GDP,18,Gov Exp,0.05497682592065285,0.08871792699281468,0.19406986301863038,0.33191439542807843,0.3813119175509028
N.O. GDP,18,Imports,-0.09481788153997031,-0.056699676766197304,0.05402368706587126,0.1582392245179277,0.19654192862314174
N.O. GDP,18,CPI,-0.168115051449102,-0.0967655402419879,0.06251966232139303,0.1722969130423366,0.2052140582076739
N.O. GDP,18,Credit,-0.07346482621242359,-0.049915164247022845,0.017060791915086505,0.09552154438957186,0.13049047358190205
N.O. GDP,19,N.O. GDP,0.0962776680223797,0.12776461939247494,0.27825970658145877,0.5634034270428327,0.6993892959777259
N.O. GDP,19,Gov Exp,0.05656003637913023,0.09351745675795083,0.20517327308749717,0.355585035041008,0.41104090238746926
N.O. GDP,19,Imports,-0.11517767390673742,-0.06915139515508417,0.049373445173629536,0.1601988290887666,0.20212427742844813
N.O. GDP,19,CPI,-0.19126121026356485,-0.10974723894622523,0.06792541676435399,0.1870483115358666,0.2201668817915495
N.O. GDP,19,Credit,-0.0768615990906002,-0.05239717596235807,0.018777329978518525,0.10419757619140928,0.14143177868920692
N.O. GDP,20,N.O. GDP,0.08475707582126953,0.11981231142427037,0.2822209448940763,0.5925611936662268,0.7485182609422896
N.O. GDP,20,Gov Exp,0.05888589337629788,0.09753907055797693,0.2144868387788848,0.3795319552890956,0.4420609232115468
N.O. GDP,20,Imports,-0.13503009881303277,-0.08314556014032479,0.04480646435484732,0.16162231775180796,0.2082838103115474
N.O. GDP,20,CPI,-0.21468026454305597,-0.12329119234322794,0.07456211890112557,0.20301746728400283,0.23736262351677131
N.O. GDP,20,Credit,-0.07831898924923482,-0.05406512687489223,0.021059916052085167,0.11190781782265362,0.15416729493595843
Gov Exp,1,N.O. GDP,-0.005452815210133356,-0.004363675233889462,-8.834022286397402e-4,0.0028329653795127166,0.0039492155259071736
Gov Exp,1,Gov Exp,0.030979290131222168,0.031643997230036705,0.03403316959683002,0.03680383549382073,0.03768800044786367
Gov Exp,1,Imports,0,0,0,0,0
Gov Exp,1,CPI,0,0,0,0,0
Gov Exp,1,Credit,0,0,0,0,0
Gov Exp,2,N.O. GDP,-0.014655342625472845,-0.011517848254198625,-0.0014323857316763183,0.00842348599532171,0.011432340043489324
Gov Exp,2,Gov Exp,0.07563330712956064,0.07730010201763073,0.08408243749643071,0.09174917296278577,0.0941991184916964
Gov Exp,2,Imports,0.0028674621680579,0.0036724102404071396,0.006452533675932105,0.009127007884706212,0.009994920442028127
Gov Exp,2,CPI,-0.002800580781521944,-0.0017963019126319563,0.001660065893524871,0.005224807480088017,0.00640966211725194
Gov Exp,2,Credit,-0.006921125691503137,-0.006154652908738533,-0.0035673450161050405,-0.0010938875503988602,-3.638707954779003e-4
Gov Exp,3,N.O. GDP,-0.025703077491332042,-0.019597775243329594,7.034966362536449e-4,0.020033379786774264,0.025455287345993307
Gov Exp,3,Gov Exp,0.12519411481746523,0.12835156359244834,0.14188547511669272,0.15743891195758677,0.16297719711899697
Gov Exp,3,Imports,0.007784575507977901,0.010108325136665515,0.01883081786725795,0.02730545029791556,0.02974719813174929
Gov Exp,3,CPI,-0.007873435233685609,-0.00493616615641767,0.005031493170295272,0.015362048417141647,0.01867530708142391
Gov Exp,3,Credit,-0.02146714921741954,-0.019291410745413774,-0.01104079820310662,-0.003486886538545398,-0.0011139720384603544
Gov Exp,4,N.O. GDP,-0.0364932351124697,-0.02673959476742649,0.006025827961595705,0.03876104164825798,0.04836526504232387
Gov Exp,4,Gov Exp,0.1748712201007887,0.18053969828345126,0.2033209591839873,0.22948651445361734,0.23849149594619098
Gov Exp,4,Imports,0.011796824039366386,0.016860570332298968,0.03446846260029457,0.0514862837847971,0.056455995238959285
Gov Exp,4,CPI,-0.015637304018236958,-0.010027680732534123,0.009061928881777018,0.02911224393909801,0.03542321756978429
Gov Exp,4,Credit,-0.04315311493469591,-0.038437336380978585,-0.02197276533857774,-0.006537677321792017,-0.0021586599480878143
Gov Exp,5,N.O. GDP,-0.04727718461806563,-0.032754640241627955,0.014934437943287679,0.0646940039875708,0.07934566741456958
Gov Exp,5,Gov Exp,0.2233000725286715,0.23189850203748777,0.2652142929215463,0.3045229864619023,0.31913670351840323
Gov Exp,5,Imports,0.011876777774197123,0.021003724019934,0.05014900849754203,0.07816897375641634,0.0875262453352328
Gov Exp,5,CPI,-0.025927412787936806,-0.017316425396263734,0.012323711081623508,0.044418187875945786,0.054905529173582
Gov Exp,5,Credit,-0.07033761576174695,-0.06232113877812516,-0.0355829185149097,-0.010105013248396848,-0.002907691337583491
Gov Exp,6,N.O. GDP,-0.058676306017855985,-0.03855067036943646,0.027493723924507142,0.09748013240016018,0.11870649478853505
Gov Exp,6,Gov Exp,0.2687204660275669,0.2813819828656996,0.3259825876057495,0.3816000302431282,0.4007135484741922
Gov Exp,6,Imports,0.007342584684544693,0.01936273306664732,0.06328307705848017,0.10465083521303435,0.11852350383218935
Gov Exp,6,CPI,-0.04162727554924784,-0.02850346187396816,0.014593748184563476,0.06128137699813519,0.07576679204291707
Gov Exp,6,Credit,-0.10092766386471524,-0.0889873663394134,-0.05084652371121806,-0.013819026012632655,-0.002442287659785761
Gov Exp,7,N.O. GDP,-0.07149401759343402,-0.04409302723711034,0.04339068998220058,0.13628697418691707,0.1647654965867477
Gov Exp,7,Gov Exp,0.3101503221896852,0.32569867504038397,0.38503419313981146,0.4571593457635899,0.4814858606305914
Gov Exp,7,Imports,-0.004893226094175313,0.011892271540845004,0.07240254633137745,0.12799949675924593,0.14756743403211497
Gov Exp,7,CPI,-0.06026096735636669,-0.04356812832135174,0.014607088633371972,0.07766519694822188,0.09686024396316267
Gov Exp,7,Credit,-0.13299146450921256,-0.11817158839389431,-0.06639427755279789,-0.016746442749262003,-0.0011469920075702909
Gov Exp,8,N.O. GDP,-0.0862511229170071,-0.051580787110821924,0.0602775674808264,0.17954035606792834,0.217961545502825
Gov Exp,8,Gov Exp,0.34509070871718933,0.36486780707431066,0.43914946634010293,0.5289264889433899,0.5629647677031744
Gov Exp,8,Imports,-0.026354534086741942,-0.002885598101271149,0.07569281906709785,0.14760632833597032,0.17206284843928477
Gov Exp,8,CPI,-0.08375147021263983,-0.06326394049227355,0.013920211443669697,0.09386916658722404,0.11932977917362322
Gov Exp,8,Credit,-0.16697690903301848,-0.14647556336406367,-0.0821821031365366,-0.01777749643610951,0.0018171150385076257
Gov Exp,9,N.O. GDP,-0.1055498362227507,-0.05942263896348754,0.07698831421211227,0.22794824974471617,0.2743657490060141
Gov Exp,9,Gov Exp,0.37369301202740113,0.3978384658177222,0.48800487815824733,0.6002943397773658,0.6401668306418636
Gov Exp,9,Imports,-0.0528519929648046,-0.02392912573575991,0.07360294758061939,0.16278219365350088,0.19161775404277703
Gov Exp,9,CPI,-0.11289408803551956,-0.08506799887056182,0.010369523317895542,0.11009896637878996,0.14107108413524533
Gov Exp,9,Credit,-0.19842723519124406,-0.1739767136856617,-0.09482481240603727,-0.017408341055526987,0.008207199399324678
Gov Exp,10,N.O. GDP,-0.12317587582407111,-0.0701112270258557,0.09246044522143718,0.2779917585342222,0.33152756631282426
Gov Exp,10,Gov Exp,0.39656865842065336,0.42368070837549315,0.5294516249092649,0.6665794576004911,0.7145018469830215
Gov Exp,10,Imports,-0.08728536839009117,-0.05342420138169822,0.06534837443325575,0.1726915354384284,0.20565981639569433
Gov Exp,10,CPI,-0.14718410630330583,-0.10989720913657398,0.005160791483729742,0.12528358767115938,0.16007579023515625
Gov Exp,10,Credit,-0.22815685574958655,-0.1986091452994947,-0.1064208942751643,-0.014044531771229253,0.015481585350124229
Gov Exp,11,N.O. GDP,-0.14703473808634127,-0.08378771496972473,0.10715781605543209,0.3238837748175734,0.3907251166393783
Gov Exp,11,Gov Exp,0.41241266599711396,0.44297416358303976,0.5659518331609488,0.7261010691947274,0.7842467165244129
Gov Exp,11,Imports,-0.1315479059218781,-0.0877988115462833,0.05205590569219777,0.1780849335494682,0.21517842343143873
Gov Exp,11,CPI,-0.18402702021762726,-0.14022200011361496,-7.652390184151835e-4,0.13702698893581097,0.1808154598043896
Gov Exp,11,Credit,-0.2542346670876245,-0.21918190915329167,-0.11580529964883408,-0.008707121837209817,0.02452532387271882
Gov Exp,12,N.O. GDP,-0.17452951040256087,-0.10142829494358094,0.11774224535258629,0.3713984506288279,0.4495799712354105
Gov Exp,12,Gov Exp,0.4230546539336807,0.455555180703657,0.5950659399931986,0.7810418314952446,0.8487327502067742
Gov Exp,12,Imports,-0.18188279050487036,-0.1261884515213479,0.032664430854381574,0.17736059715846578,0.22110513538064272
Gov Exp,12,CPI,-0.22284365999278302,-0.1703601094729043,-0.008065209389178509,0.15093873328532847,0.202070240522641
Gov Exp,12,Credit,-0.2755745461856589,-0.2358337210965934,-0.12056635254550785,-0.0017981594554759362,0.03494770046246462
Gov Exp,13,N.O. GDP,-0.20469540417848892,-0.11939882280598915,0.12579833776030214,0.4140522600053138,0.5097315410351365
Gov Exp,13,Gov Exp,0.42377186912653525,0.45925088782658013,0.6163257306975325,0.8302768645269987,0.9078314306299619
Gov Exp,13,Imports,-0.23253977756070288,-0.16789583901565158,0.01329576161363643,0.17180499534250948,0.22199700642414702
Gov Exp,13,CPI,-0.2635304563325326,-0.19887481806273014,-0.014761225776538846,0.16534060595742794,0.22334892104023055
Gov Exp,13,Credit,-0.29232197719132597,-0.24944272861878963,-0.1221066339465327,0.007663760823639168,0.048331062019064015
Gov Exp,14,N.O. GDP,-0.23835050738353802,-0.14132059449014645,0.13072772911758274,0.4522759509319855,0.5674790271083423
Gov Exp,14,Gov Exp,0.4177253802765115,0.4591922435493524,0.6325358834598768,0.8740595969794891,0.9623320085254663
Gov Exp,14,Imports,-0.2859740911948836,-0.2092739259420701,-0.008732768649963824,0.162756657526169,0.217464464277186
Gov Exp,14,CPI,-0.3078225533354663,-0.23224282955104047,-0.020468772104683695,0.17934676472204314,0.24479004301351948
Gov Exp,14,Credit,-0.3037230980149692,-0.2572927897616169,-0.12212673752057171,0.01922156679196236,0.06515111537468972
Gov Exp,15,N.O. GDP,-0.2708683421744247,-0.16326703539007464,0.13263482403384586,0.4904691246690268,0.6190668546986007
Gov Exp,15,Gov Exp,0.40748273640283916,0.45218228612882017,0.6399732317692972,0.9135491992456324,1.0095346361039628
Gov Exp,15,Imports,-0.3395310558329799,-0.25306277352012574,-0.031109565225875623,0.1531759460170992,0.212400304878598
Gov Exp,15,CPI,-0.3478611099993861,-0.26468870195036553,-0.026209473401223267,0.19736024276340203,0.26594888443730424
Gov Exp,15,Credit,-0.3141325285981475,-0.26287223490800377,-0.11937742242980373,0.031229900047069343,0.08073174822171979
Gov Exp,16,N.O. GDP,-0.3074471239645236,-0.19016905288884658,0.13244263336140571,0.5274295052854322,0.6665081326746698
Gov Exp,16,Gov Exp,0.39443055432551216,0.4421963411593169,0.6427386011464018,0.9475435711742379,1.0565945412264768
Gov Exp,16,Imports,-0.3881417876538152,-0.2934825999773351,-0.053055037949947974,0.14456590543080625,0.20619248612543098
Gov Exp,16,CPI,-0.38963631143331484,-0.29139017322307553,-0.02854334886323983,0.21475659477656592,0.2924422182693205
Gov Exp,16,Credit,-0.3183846380182905,-0.2657289019751973,-0.11294299109059805,0.045668463278832734,0.09646953628559365
Gov Exp,17,N.O. GDP,-0.34712505442899233,-0.21778461560206155,0.1282711809134741,0.5598980447687534,0.7216195039838619
Gov Exp,17,Gov Exp,0.38089332756348476,0.42967943611467035,0.641083897480226,0.9747670543352889,1.0996955226508984
Gov Exp,17,Imports,-0.4293308930037261,-0.3379656865684489,-0.07117308088713623,0.1350302312215006,0.20161971792951514
Gov Exp,17,CPI,-0.4309142741911335,-0.3217950499068034,-0.028599746207832986,0.23349780472179663,0.3206992713427573
Gov Exp,17,Credit,-0.32427188553283776,-0.263741265317399,-0.10389181865979857,0.061671973817005954,0.11614971554664613
Gov Exp,18,N.O. GDP,-0.39070666097240625,-0.24702859870794888,0.12147856151682157,0.5913050899051816,0.7691342757548567
Gov Exp,18,Gov Exp,0.364158932269086,0.4170449885757059,0.6375713923009623,1.0003586232981256,1.1403849907815748
Gov Exp,18,Imports,-0.48125433377759835,-0.3745855616410179,-0.08916427714899704,0.1253489539294016,0.19191575651797865
Gov Exp,18,CPI,-0.46466875391574886,-0.3498925760758239,-0.026144987377380594,0.25416274736078803,0.34997906593604156
Gov Exp,18,Credit,-0.32465100567648675,-0.2634960733170537,-0.09588380617190645,0.07811161058309125,0.13905784383446546
Gov Exp,19,N.O. GDP,-0.4343338127626565,-0.28234030759299644,0.11176366761741265,0.6183455937545183,0.8211466153485152
Gov Exp,19,Gov Exp,0.348962747208504,0.40460153855012876,0.6322810933292513,1.0168176149591024,1.1773602465700166
Gov Exp,19,Imports,-0.5312563567701367,-0.401741837603109,-0.10588668951785934,0.11775167007039945,0.18623949378408022
Gov Exp,19,CPI,-0.5042818127418283,-0.3759015978590843,-0.019167101333366084,0.27554981870600426,0.3809505100396506
Gov Exp,19,Credit,-0.32293724590998407,-0.2570198228696766,-0.08550138278256067,0.09498630451395466,0.158157489370851
Gov Exp,20,N.O. GDP,-0.47967661268562145,-0.3189395949171112,0.10149480415320883,0.6394181352356638,0.8735291795450665
Gov Exp,20,Gov Exp,0.3344664206079618,0.3890883960989614,0.6244164845337883,1.0326687916195438,1.2058869124568241
Gov Exp,20,Imports,-0.5706907415089161,-0.42894778203357786,-0.11524776334294841,0.1117749365494803,0.1791510436343814
Gov Exp,20,CPI,-0.5383825943237247,-0.39984749115242246,-0.01292553260357151,0.2974740732687163,0.4074194443135941
Gov Exp,20,Credit,-0.31811091640995787,-0.25062912210092103,-0.07503017253470276,0.11101668128561089,0.184042222626485
Imports,1,N.O. GDP,-0.002731914857403165,-0.0017544907819219174,0.0013512156728358359,0.004333288133963522,0.00523561985991034
Imports,1,Gov Exp,0.004789308971335799,0.005600153605660998,0.008647960017668644,0.011717687149212537,0.012621039677733712
Imports,1,Imports,0.02505215058614088,0.0255013549101804,0.02739491035053488,0.029513673934583803,0.030216517042047003
Imports,1,CPI,0,0,0,0,0
Imports,1,Credit,0,0,0,0,0
Imports,2,N.O. GDP,-0.003965895062747085,-0.0011901069727606232,0.00788006530843045,0.01699027648862595,0.019685289214307185
Imports,2,Gov Exp,0.0166718955925123,0.01919550443418939,0.02762267062422732,0.03669547894290126,0.03924418924329924
Imports,2,Imports,0.0663922476347082,0.06767302119821117,0.07305683981895733,0.07965593861644016,0.08161779948206138
Imports,2,CPI,-4.88131965229931e-4,3.737993716046484e-4,0.003382677020865947,0.006603099175252194,0.0075514261168389725
Imports,2,Credit,-0.003085545864606037,-0.0024507838077301486,-3.4296988548157873e-4,0.0016579710286177471,0.0022834474414152248
Imports,3,N.O. GDP,-0.0030515923301524307,0.003058535631888001,0.021877588761685947,0.04091681524833909,0.04656166493317134
Imports,3,Gov Exp,0.03587855717098497,0.040479717722593386,0.05657375099762439,0.07476086644500107,0.0800794043034033
Imports,3,Imports,0.11451853798428015,0.11750969318508718,0.12898913603501583,0.1425898699028448,0.14699711561217244
Imports,3,CPI,-0.002843194620794813,-2.78565911902905e-4,0.009153545221857408,0.01927705082778282,0.022213839636892364
Imports,3,Credit,-0.011298596989368298,-0.009318738187178544,-0.0021011154819962426,0.004660734790726852,0.006842134278893813
Imports,4,N.O. GDP,8.550135949749881e-4,0.010650573768727446,0.043768297859932144,0.07617792912803123,0.08739346444020697
Imports,4,Gov Exp,0.06077552357474761,0.06896539479397099,0.09558927378921454,0.12531783893477313,0.13466441796903028
Imports,4,Imports,0.16248103916695225,0.1676077429098035,0.18787850844091514,0.21131716597027692,0.21911993666445942
Imports,4,CPI,-0.00884629681334329,-0.0037463847055079808,0.015168829569564625,0.03553941977252305,0.041727277581657084
Imports,4,Credit,-0.025872280994696097,-0.021633628393578245,-0.006335863211892306,0.008216327186615508,0.012640803281324138
Imports,5,N.O. GDP,0.006667044905545743,0.022662494972396155,0.0720441609082155,0.12389604294929898,0.13896819554695997
Imports,5,Gov Exp,0.09234894120616104,0.10360454979627448,0.14185051793728798,0.18631482548728456,0.198859495650049
Imports,5,Imports,0.20428932074298894,0.21206630986763295,0.24356785807761605,0.28068251397352567,0.29235080695094123
Imports,5,CPI,-0.020558017376074936,-0.01223407127880946,0.019424852383290142,0.05316394939964462,0.06275135985540206
Imports,5,Credit,-0.04696506809410864,-0.03932800968304867,-0.013614892359274548,0.011745036453223674,0.01923625141347323
Imports,6,N.O. GDP,0.015701845826272893,0.036164019546186435,0.10674056895895268,0.18029737109903168,0.20403460870261841
Imports,6,Gov Exp,0.12696000528749218,0.14181574494325405,0.194282666097866,0.25557419081271143,0.2731143531528696
Imports,6,Imports,0.23632213692822437,0.24755317347847516,0.29217408673133743,0.3459219819417889,0.36327449212131235
Imports,6,CPI,-0.03946754302025865,-0.02691955984611547,0.02049310745260776,0.07018209266397397,0.08376102555517131
Imports,6,Credit,-0.07408034269146058,-0.06251109118118203,-0.02336666977902386,0.01427901080185405,0.025913091537707787
Imports,7,N.O. GDP,0.023645925876156246,0.05326133299108503,0.1455054542837616,0.24437186852084516,0.27883530279112345
Imports,7,Gov Exp,0.16151105266086213,0.18187355437735925,0.25126108318964513,0.32988194784664604,0.3531643797136745
Imports,7,Imports,0.25510770051915793,0.27129178860199665,0.33146888346890074,0.40205193604852413,0.42730786988934244
Imports,7,CPI,-0.06571075936602969,-0.04759262234905829,0.01701536036165801,0.08453314889140938,0.10313972133040317
Imports,7,Credit,-0.10532372022414234,-0.08922369311101946,-0.036436408067757636,0.016281434207804528,0.03138425844343507
Imports,8,N.O. GDP,0.03139555793083294,0.06980560465311411,0.18609857450641756,0.3159186079430544,0.35877112726504096
Imports,8,Gov Exp,0.1957407244997384,0.22137776231218592,0.3083394251193311,0.40715744047928837,0.4358908001357744
Imports,8,Imports,0.26033836537685967,0.28099191534462964,0.3582370451667651,0.45124399828406375,0.484722218840699
Imports,8,CPI,-0.1011347177344703,-0.07619288102631046,0.008721829056011172,0.09620901877493954,0.12167156024268769
Imports,8,Credit,-0.14074090933853903,-0.11875091885215946,-0.05013445744773581,0.017495719013557696,0.03827806932294068
Imports,9,N.O. GDP,0.03604452048670107,0.08431591590209016,0.22963868645399937,0.39507749579581664,0.4506266511216536
Imports,9,Gov Exp,0.2261880051871872,0.2584350478409359,0.36520389488020866,0.48314424141901696,0.5175629533102712
Imports,9,Imports,0.2511211995082013,0.27524656848475315,0.37250239675694263,0.48913578869742613,0.5304299294026225
Imports,9,CPI,-0.14454716007552812,-0.11099142076837425,-0.0031251609889700483,0.10397683864010543,0.13657248284707554
Imports,9,Credit,-0.17580908516927693,-0.1502349770838375,-0.06486991760039204,0.020268973774746214,0.04705951962310336
Imports,10,N.O. GDP,0.03944133414035293,0.09601572385925304,0.2727659653596293,0.4735249253426022,0.5434951329027782
Imports,10,Gov Exp,0.2541963297057819,0.29021735280994315,0.41837089537706307,0.5576542683896051,0.6005474000916016
Imports,10,Imports,0.22862955923571326,0.259277535484546,0.3751728871953545,0.517998476862681,0.5690013117681425
Imports,10,CPI,-0.19402441159802242,-0.15251082538664706,-0.020158062590292666,0.10943232470287338,0.14894280669011103
Imports,10,Credit,-0.21041899006648085,-0.18025392201388557,-0.07832444414836597,0.02236971642832857,0.054015213230043074
Imports,11,N.O. GDP,0.039487302944891736,0.10280090749859416,0.31243043950715876,0.5559031457867397,0.6397802701001064
Imports,11,Gov Exp,0.27423648427898684,0.3173480426054631,0.46382892364841627,0.632648793236909,0.6816443735150061
Imports,11,Imports,0.19609773861013788,0.23209803980470076,0.3705064999388771,0.5389134208990569,0.5971439921737146
Imports,11,CPI,-0.2500916769067038,-0.1982718074134603,-0.03940090263237305,0.11385700835737414,0.15630225383293656
Imports,11,Credit,-0.2419816832351507,-0.20752410780331498,-0.09004502219733254,0.02475365396254166,0.06370041032457074
Imports,12,N.O. GDP,0.035596878724034685,0.10993259805587677,0.3466397642559188,0.6344372507482011,0.738285912887628
Imports,12,Gov Exp,0.2882680885879521,0.33672912693509005,0.5050835027637226,0.6999196138915359,0.7579856836157397
Imports,12,Imports,0.15234362958811576,0.19705876956606083,0.35452189616927393,0.5479621199512124,0.6129442385350498
Imports,12,CPI,-0.3146166627008796,-0.2458199217744256,-0.062103353838246,0.11470528602523661,0.16406787600576528
Imports,12,Credit,-0.27137520095956397,-0.2313319527505308,-0.0994824344715142,0.029851089696852184,0.07570511275567222
Imports,13,N.O. GDP,0.02471379274130954,0.11176598286926615,0.3780586884494914,0.7150125606735487,0.8322350186728533
Imports,13,Gov Exp,0.29169921656039155,0.35001568898064445,0.5389887974153638,0.7588676762239631,0.8328697149985266
Imports,13,Imports,0.10293523385224801,0.1557703647852253,0.33591086354195665,0.5520851091923932,0.6203117748987057
Imports,13,CPI,-0.38058574328299144,-0.2980612987616801,-0.0849387872251772,0.11469017484887159,0.1714440815860374
Imports,13,Credit,-0.2972388967267313,-0.24832726261929114,-0.10600306854536923,0.03916676721483143,0.08725084887968232
Imports,14,N.O. GDP,0.01547471371745214,0.11025711517542441,0.4101696583038562,0.7912095060733858,0.9248396763438691
Imports,14,Gov Exp,0.2949051942740393,0.3531045081001973,0.5614165522794093,0.8095554813249506,0.8943883609898378
Imports,14,Imports,0.04757409683121373,0.1108949986715873,0.31266728210079664,0.543967013686017,0.6240120677431673
Imports,14,CPI,-0.44975243245884583,-0.3535284443142096,-0.10750538797448536,0.11610340993098123,0.17980996058455742
Imports,14,Credit,-0.3166766785396683,-0.2611410710507653,-0.1069687125762257,0.050663916614776476,0.10137521579865223
Imports,15,N.O. GDP,-0.001597376447035089,0.10482430331585105,0.4340793174647748,0.8610368982428596,1.0278223115562124
Imports,15,Gov Exp,0.28670775681681204,0.35217490633491394,0.5775622322811111,0.854987639643546,0.9545637360776135
Imports,15,Imports,-0.009446012134530465,0.06395876409461212,0.28608085232702973,0.5337088636122864,0.6209904206663802
Imports,15,CPI,-0.5202909034817748,-0.41152432469684513,-0.13035812893034876,0.11491016158488179,0.18903682697635688
Imports,15,Credit,-0.3278316028337731,-0.27072859720778597,-0.10637742127417206,0.06384343899440642,0.12157109584666088
Imports,16,N.O. GDP,-0.014936139895216171,0.0932051353056365,0.4485527547701992,0.9251627315897056,1.1228170378434748
Imports,16,Gov Exp,0.27900317305660055,0.3467271804620371,0.5873877849051466,0.8905574634013077,1.002783466902724
Imports,16,Imports,-0.07690779414716371,0.01600364809055771,0.2573083338466969,0.5190942979323506,0.6227410853878781
Imports,16,CPI,-0.5911943086261133,-0.4662757553813899,-0.14979608391254035,0.11364197642134569,0.19501976725438971
Imports,16,Credit,-0.3331548905828494,-0.27887924409831777,-0.10015147540254322,0.08355885517871302,0.14796444512905274
Imports,17,N.O. GDP,-0.03686839697509572,0.0807955359459624,0.4588399686946071,0.9961038884577449,1.2067794639540645
Imports,17,Gov Exp,0.26134074333692503,0.33477520503497216,0.5906100152882896,0.9180872450875159,1.0449863654962472
Imports,17,Imports,-0.13356765606728643,-0.0273701908549613,0.23179794009210133,0.5017254101995384,0.6222324381822986
Imports,17,CPI,-0.6620660999248497,-0.5165649627270893,-0.1661975719830573,0.1116699050736886,0.20451719320863782
Imports,17,Credit,-0.3336935432099297,-0.2799764988276075,-0.09328497103120337,0.10074527552569987,0.1727043774475055
Imports,18,N.O. GDP,-0.051937319834140024,0.06839767459657169,0.46938191755898,1.0616047436820204,1.2779236775870353
Imports,18,Gov Exp,0.24348444917356366,0.3194431746398263,0.5888729141055411,0.945651613962365,1.0821219700482663
Imports,18,Imports,-0.18860962061300893,-0.0728246327377926,0.20725091888439606,0.4868532262288885,0.6148080212763665
Imports,18,CPI,-0.7323469740838836,-0.5643284803094553,-0.18087226229751058,0.116734045563507,0.21211242015665843
Imports,18,Credit,-0.33518788653323917,-0.276640540531623,-0.08409231706595464,0.1191620923339687,0.20038346612390304
Imports,19,N.O. GDP,-0.07688935285489873,0.051741379161605865,0.471224407182534,1.1267385520382205,1.372019859941779
Imports,19,Gov Exp,0.21820327032759307,0.30227333672215106,0.5808967076602921,0.9666377546246714,1.1135010446768587
Imports,19,Imports,-0.23671912706348786,-0.10936606173407311,0.18584782495159502,0.47748402419359376,0.605448047618194
Imports,19,CPI,-0.8150221462919287,-0.6114196252705647,-0.19393719519605898,0.1238367194996555,0.22418117321689168
Imports,19,Credit,-0.3361724543863982,-0.2663915992531962,-0.07313540034748506,0.1426380446846679,0.22757248931022958
Imports,20,N.O. GDP,-0.10352003092248299,0.031764210102049134,0.4715216546496609,1.181998847984798,1.4679149270879315
Imports,20,Gov Exp,0.20358590764126966,0.2846179569062868,0.5690434411309959,0.9824831408414024,1.1378496428884262
Imports,20,Imports,-0.2832662412523606,-0.1478886270307284,0.1673349175213075,0.465098902431312,0.5994565104919881
Imports,20,CPI,-0.8750702617105458,-0.6592509788202985,-0.2000871373223454,0.1290294224164335,0.23403799640203723
Imports,20,Credit,-0.3298999029570674,-0.25728368994643025,-0.059530268428596905,0.16340532156161988,0.2540020754200017
CPI,1,N.O. GDP,-0.0019083143586624898,-0.0014899135689093676,-1.4349850929011343e-4,0.001183772237820184,0.0015995562438134497
CPI,1,Gov Exp,-0.0016098490428775524,-0.0012297526047478397,1.0885776769982006e-4,0.0014650757462620978,0.0018684541213517965
CPI,1,Imports,-0.001541203724490802,-0.0011578950969642439,1.2133883034397494e-4,0.0014303711674055752,0.0018210355889660581
CPI,1,CPI,0.011516415514892962,0.011747028670511602,0.012640106546826083,0.013602924809643133,0.013905838089219571
CPI,1,Credit,0,0,0,0,0
CPI,2,N.O. GDP,-0.005978290866429047,-0.004988614182627642,-0.0013967895320280658,0.0021972610827210564,0.0032875938366140997
CPI,2,Gov Exp,-0.0036094933143120144,-0.0025252786235550806,7.997978751778955e-4,0.0042003175869517444,0.005199921341645137
CPI,2,Imports,-0.0035110028221041418,-0.002501069757335729,7.275545436159988e-4,0.003958690455221804,0.004904490517194756
CPI,2,CPI,0.02701633335844747,0.027688573244239005,0.029980175502779892,0.03279644141041632,0.033653152383337596
CPI,2,Credit,-0.0014879410202698398,-0.0012116846373100198,-2.3110101373925246e-4,6.777092726388187e-4,9.247735985864811e-4
CPI,3,N.O. GDP,-0.0131838087530189,-0.011027191165268131,-0.003998422242959826,0.002942084660012715,0.005027493599808469
CPI,3,Gov Exp,-0.005703412205744202,-0.0037754788997780156,0.0025148567034555197,0.008650387502153172,0.010552021671201088
CPI,3,Imports,-0.0053405919188871595,-0.0038406081974905,0.0022076590411311235,0.00799424854171788,0.0099304480665496
CPI,3,CPI,0.04338849083046982,0.044675215238807346,0.04943091806977525,0.05520084068839693,0.057028298406700956
CPI,3,Credit,-0.004332488178343294,-0.003443781522270751,-4.951782553408004e-4,0.0022081564228413914,0.0030216681252220553
CPI,4,N.O. GDP,-0.02299908151311762,-0.019342131999946072,-0.007730328530015876,0.003366429737658567,0.006737274094094008
CPI,4,Gov Exp,-0.0074454195390253174,-0.004296708281779231,0.00544825977023133,0.01525150630059936,0.01806879608504793
CPI,4,Imports,-0.0074089641123615884,-0.0047798322353175375,0.004779012010393191,0.013919007135034533,0.016821747888933432
CPI,4,CPI,0.05998806392597407,0.06205841643483906,0.07002457825500139,0.07951923530058146,0.082775982295341
CPI,4,Credit,-0.008130383512059268,-0.006325904411538635,-5.662444621221112e-4,0.004722670998397997,0.0063537103230713555
CPI,5,N.O. GDP,-0.03527187725166833,-0.029856229599952322,-0.012645656462955294,0.003913713056402228,0.008872013981115525
CPI,5,Gov Exp,-0.008658915362142637,-0.004082297004811733,0.009737168015313937,0.023893778095421328,0.027920771125985993
CPI,5,Imports,-0.009314292570185264,-0.005421911266037142,0.00836599174959754,0.021842351593828222,0.02586175357884412
CPI,5,CPI,0.07642046172046553,0.07938261519996632,0.09106567360440186,0.10535700146788932,0.11017008752716566
CPI,5,Credit,-0.012578310251608665,-0.009651106631289529,-3.827764299784497e-4,0.008124339380676339,0.010838211645651286
CPI,6,N.O. GDP,-0.05016927419551961,-0.042521958517773,-0.018161820883206073,0.00498194401868415,0.01127447932599077
CPI,6,Gov Exp,-0.009631459417033493,-0.0030139808854599067,0.015229668949703005,0.034406925812232016,0.040504934464926964
CPI,6,Imports,-0.01118761152507275,-0.005538722099792748,0.012895378682577016,0.031447664593557946,0.03743609900523701
CPI,6,CPI,0.09280658478720498,0.0967256733126663,0.11239235707213943,0.13241283655922387,0.13955715586880404
CPI,6,Credit,-0.017383602777405485,-0.01350021462173951,1.3519128285894653e-4,0.012263543251194692,0.016213180233662267
CPI,7,N.O. GDP,-0.06785519532729371,-0.05649488490920918,-0.023758027694486136,0.006025651876766546,0.01469604065401731
CPI,7,Gov Exp,-0.009613698122759952,-0.0017121464669884261,0.022034860787884074,0.04686922812656033,0.0554339186444942
CPI,7,Imports,-0.012829392025020791,-0.005831860439769203,0.018233105496551313,0.04317969254488259,0.05099853995871474
CPI,7,CPI,0.10894818984118151,0.11371880221532973,0.1338762824424795,0.1602412738386417,0.1706755933228923
CPI,7,Credit,-0.02283003947421459,-0.01751163945194031,6.762832579265321e-4,0.017177738814066958,0.022480627372399892
CPI,8,N.O. GDP,-0.08854451065588115,-0.07246407656595076,-0.02995531353853607,0.008195354658516563,0.018899819100014967
CPI,8,Gov Exp,-0.00961422302608957,3.154931295942824e-4,0.030468155024731183,0.06151454213122323,0.07236968121248454
CPI,8,Imports,-0.014960874093076176,-0.00636959776057592,0.023667160331389117,0.05580741981125583,0.06590322466625893
CPI,8,CPI,0.12435001640083064,0.1304517276697195,0.1552219653990562,0.18977326659271765,0.20351965041002967
CPI,8,Credit,-0.028676673508547152,-0.02193392252203843,0.0013311836296750876,0.022492279757826653,0.02920563852713426
CPI,9,N.O. GDP,-0.11129033183915013,-0.09063759822953214,-0.03569484856403844,0.011032109444736923,0.024540110489712216
CPI,9,Gov Exp,-0.009378644637376376,0.00294563933194828,0.039930608634398325,0.07809257859469722,0.0920897876612098
CPI,9,Imports,-0.01781592725417876,-0.00683370213287466,0.029522700185825312,0.0693563649288416,0.08200284936013835
CPI,9,CPI,0.13908861627157165,0.14652478565688817,0.17687648431794495,0.22065806047046035,0.23787651711348748
CPI,9,Credit,-0.035394204896850315,-0.02642238102992773,0.0017520107650827266,0.028041425914817356,0.03575440831696415
CPI,10,N.O. GDP,-0.13665608465232107,-0.10984213200551962,-0.042064280949787515,0.014199923351541386,0.030291947381912224
CPI,10,Gov Exp,-0.009679643660042469,0.005826763827170428,0.05016425298325931,0.09635150495494603,0.11328259429344824
CPI,10,Imports,-0.02165641957933673,-0.007784651312523372,0.034855703031306466,0.0831990737158665,0.0994489051784557
CPI,10,CPI,0.1528301757682641,0.16200138931011052,0.19843107862983506,0.25239580502542724,0.274191359396996
CPI,10,Credit,-0.04276595852934303,-0.03166798067670715,0.0024395426815232786,0.03351381230522166,0.04295329742841245
CPI,11,N.O. GDP,-0.16386861611715803,-0.13157659424845183,-0.04838813009093436,0.0179445138183859,0.037651941679949195
CPI,11,Gov Exp,-0.00893004364775847,0.008389367428170428,0.061888444297190946,0.11629667396117573,0.13623978841315798
CPI,11,Imports,-0.026315085556807904,-0.010501387756614931,0.03984336991935255,0.09782203825575005,0.11721950646879313
CPI,11,CPI,0.16537895857322335,0.17645557262803818,0.2196784478911583,0.2864677094650056,0.3109458975755632
CPI,11,Credit,-0.05105281700984722,-0.036952701823389326,0.0024384431850529597,0.03856711597882154,0.05032915488008896
CPI,12,N.O. GDP,-0.19647414935093105,-0.15610587795213848,-0.055697966627217155,0.022354893359141412,0.04517140772041837
CPI,12,Gov Exp,-0.010295912464971793,0.011328346000666883,0.07378833478913402,0.13703297408402715,0.16035426768461228
CPI,12,Imports,-0.031968320278756,-0.014296012756052882,0.04371998457344981,0.11232628294944205,0.13527578555653944
CPI,12,CPI,0.17746489744070718,0.19046762635760378,0.24102556762396166,0.3203341286002733,0.34867376125251054
CPI,12,Credit,-0.05958619092855519,-0.04317225229522516,0.00203513154527058,0.043784899634945015,0.057631284255768925
CPI,13,N.O. GDP,-0.2296825951730783,-0.18214123552026673,-0.062447201843141245,0.02817078872529832,0.05432977092050627
CPI,13,Gov Exp,-0.012149028101414855,0.013567948931402524,0.08604337031061546,0.15925302956868212,0.1864402336087158
CPI,13,Imports,-0.04004106996364079,-0.019424294096784176,0.046605934489164745,0.12608251942612186,0.15353072256654987
CPI,13,CPI,0.18826967717871634,0.20299955821998053,0.26163015126597555,0.3545446923704182,0.3884300749486691
CPI,13,Credit,-0.06888935081383626,-0.04993785342292402,0.0020231215322516647,0.04845071575777535,0.06454424408826819
CPI,14,N.O. GDP,-0.2652018987311544,-0.2085977864258552,-0.06880435583033456,0.03401464163323883,0.06328758280711683
CPI,14,Gov Exp,-0.012867787976945445,0.015670187076226427,0.09793666438088176,0.18030963040202708,0.21197886920247702
CPI,14,Imports,-0.048371856259661575,-0.026117256472116178,0.0485271693708316,0.13964480118420666,0.17132115887815408
CPI,14,CPI,0.19872378870628743,0.21460345481404142,0.2825425754452967,0.3890787097022814,0.4337669001576291
CPI,14,Credit,-0.07966993514137688,-0.05625855830054505,0.0011530883767150385,0.05409924207295928,0.0718997077530593
CPI,15,N.O. GDP,-0.30201805575455665,-0.23806355525138162,-0.07580184757519973,0.04108471675921119,0.07050107236682969
CPI,15,Gov Exp,-0.014389115650118205,0.01653339243515896,0.10967773946789783,0.20282863673857332,0.2395488988573428
CPI,15,Imports,-0.05951725482898357,-0.03180016484206407,0.05010464635510521,0.1510589928283521,0.1895267260780673
CPI,15,CPI,0.20689809756594957,0.22590371409833968,0.30263232548746505,0.42710168463603015,0.48034059291795866
CPI,15,Credit,-0.08957781145167266,-0.06352546580034224,4.931862975968324e-4,0.059084757478081104,0.078320940599233
CPI,16,N.O. GDP,-0.34569140141585303,-0.2699607845449246,-0.08266315045033393,0.046823041028166486,0.0786392279399025
CPI,16,Gov Exp,-0.017622107975038083,0.017885977670769205,0.12121731021021748,0.22530927972068773,0.2653947283165732
CPI,16,Imports,-0.07020026785706673,-0.04003020979945436,0.05084339912788777,0.16329346939646333,0.20572814880456392
CPI,16,CPI,0.21449570753390607,0.23717309588079102,0.32287786623708814,0.4654834694385711,0.528636119518441
CPI,16,Credit,-0.09922970197607452,-0.0718253786957281,5.147766466077873e-4,0.06361829283509712,0.08523557927206318
CPI,17,N.O. GDP,-0.39539834446386324,-0.3049944987949363,-0.09008345626852302,0.05224644392869378,0.09056799446393615
CPI,17,Gov Exp,-0.02306244820992015,0.017103013239438622,0.1315709550463165,0.24777642145475529,0.2933298427006016
CPI,17,Imports,-0.08229778893171913,-0.04866581645561363,0.050188135398044675,0.17469928620247033,0.22329981477292168
CPI,17,CPI,0.22231436782591615,0.24683623059482165,0.3429602102469736,0.5050425120112095,0.5776922864363309
CPI,17,Credit,-0.11048780703098414,-0.07979564766914453,-1.1990132103900712e-4,0.06888092687291103,0.09194773556853743
CPI,18,N.O. GDP,-0.4433570834783137,-0.34181634841069863,-0.09870989011445036,0.05815075989252672,0.10013650649148109
CPI,18,Gov Exp,-0.029650215778241354,0.015653649984224517,0.14272911691535,0.2714458435132359,0.32007181299627974
CPI,18,Imports,-0.09528115976338072,-0.05900209131097222,0.04974836441786835,0.18600519100141633,0.23813131775389607
CPI,18,CPI,0.22963131854252403,0.2562647821343914,0.3625085858053223,0.5462753265156421,0.6307230148456225
CPI,18,Credit,-0.12070885534505682,-0.08871198410668439,-5.000868115706426e-4,0.07360614410970091,0.09895690850356477
CPI,19,N.O. GDP,-0.4967406537651368,-0.37877123952381386,-0.10683514999646479,0.062261584831572285,0.11022504756141638
CPI,19,Gov Exp,-0.03584774680306983,0.013038694754378171,0.15286435540823617,0.2948327527872311,0.34789213425566456
CPI,19,Imports,-0.1087110066595658,-0.07088824059605581,0.04815458224436299,0.19654888063195397,0.25332123284161256
CPI,19,CPI,0.23629221571202158,0.26446085020516175,0.383402053041746,0.5904221624978986,0.6858037540994408
CPI,19,Credit,-0.13069203543738905,-0.09635784328809761,-8.143128197540409e-4,0.08011990075014394,0.10625377097502468
CPI,20,N.O. GDP,-0.5571847272542896,-0.4250572914228802,-0.1157148003282309,0.0677011657572139,0.11963412714523708
CPI,20,Gov Exp,-0.04579455274900813,0.01151222338713685,0.16142522876263488,0.31755139716713043,0.3725771737542906
CPI,20,Imports,-0.12442130421352146,-0.08258584057904117,0.046676318857082136,0.20856634373639962,0.27039196072005406
CPI,20,CPI,0.24210309498146773,0.27321023614242024,0.4035661647995921,0.6346572401165361,0.7406648731481507
CPI,20,Credit,-0.14191287858514703,-0.10410333707659036,-3.605956046699171e-4,0.08585763924890695,0.11429397497433413
Credit,1,N.O. GDP,-0.009546393466455628,-0.007932400253085687,-0.00246111505140734,0.0028651232602931124,0.004352020416376087
Credit,1,Gov Exp,-0.008129945105245735,-0.006412364063780723,-0.0010808478966574438,0.004261330258718924,0.005678624195519221
Credit,1,Imports,-0.008948907052380425,-0.0074519849221567425,-0.0020473813133011177,0.0031408760620065135,0.004734280834202648
Credit,1,CPI,-0.00447834682974658,-0.002995744375061674,0.002345426547246442,0.007744591287865827,0.009242928182721166
Credit,1,Credit,0.045429884181953886,0.046379158691405,0.04995312321925234,0.05381619934283689,0.055181741130425115
Credit,2,N.O. GDP,-0.027877299734302124,-0.0227830911916442,-0.007833801569943136,0.007340995108642822,0.011884131273572001
Credit,2,Gov Exp,-0.026481108463378138,-0.021500808303695638,-0.007353381863039032,0.007739575812154637,0.011931076458620337
Credit,2,Imports,-0.025225189989837627,-0.02116897255631512,-0.006677693850927897,0.007353031907244909,0.011279923333502227
Credit,2,CPI,-0.00598847958414455,-0.0016591290427956666,0.013120349135695313,0.027831478849507187,0.03224585123091697
Credit,2,Credit,0.11645200239635081,0.11920265447394997,0.12865881445225152,0.13927227376636345,0.14254459983359094
Credit,3,N.O. GDP,-0.05565687133464211,-0.046083942240378636,-0.01591712061848337,0.014606696886342628,0.023651059971909697
Credit,3,Gov Exp,-0.05417641065074577,-0.045087788349702035,-0.017449692593179748,0.010829358857965722,0.01966962015574865
Credit,3,Imports,-0.05123458249886205,-0.04303035647044456,-0.01606760800515787,0.010540799294402613,0.018282642488908117
Credit,3,CPI,-0.004065267141676471,0.004558916347860974,0.03259852690865199,0.061142978261018444,0.06981594520552938
Credit,3,Credit,0.19656283804987185,0.20145507250805111,0.22009993040886522,0.24132628509832404,0.24829230937136465
Credit,4,N.O. GDP,-0.0930896745493409,-0.07785867541237795,-0.027457196765815244,0.023815542052497373,0.03970002364232689
Credit,4,Gov Exp,-0.08752915999600176,-0.07407381271736467,-0.02917662154067902,0.015391311529919323,0.029551216395389962
Credit,4,Imports,-0.08818550479636666,-0.07522394219197295,-0.03212998123160207,0.011100692170475756,0.024516874410371203
Credit,4,CPI,0.0012946748389219636,0.015099422849824518,0.06001562483146934,0.10594775356731051,0.12039351022874996
Credit,4,Credit,0.2744141003906142,0.28239778659919323,0.31267997917179313,0.34860990713152334,0.36033051049031734
Credit,5,N.O. GDP,-0.13949905615019073,-0.1184461274248861,-0.04294311092141813,0.0336039251104725,0.05680110759783549
Credit,5,Gov Exp,-0.12407388185049983,-0.1062589862507566,-0.041604367774627865,0.022784884685172594,0.04402856543343239
Credit,5,Imports,-0.13396177540684415,-0.11723237979240847,-0.054037109256187064,0.009519718419765733,0.02705856800713035
Credit,5,CPI,0.01043298620962152,0.030305661285007647,0.09487656529839636,0.16025672686973047,0.1804858263462787
Credit,5,Credit,0.3430017458033633,0.3553440768935799,0.3991421610229863,0.4526809278878673,0.47063207915651756
Credit,6,N.O. GDP,-0.1977020696328366,-0.1673464527226487,-0.061870111235646466,0.04234403721614577,0.07712434961251795
Credit,6,Gov Exp,-0.16319650612665598,-0.13702002135936758,-0.0516184073740851,0.032592820371809425,0.06143817064318304
Credit,6,Imports,-0.1906551177909109,-0.16617228104575157,-0.08170476300029338,0.004684304491994696,0.026972453621406527
Credit,6,CPI,0.023985291354616387,0.04976579251032509,0.13380733170736808,0.21968191783874652,0.2490640203216788
Credit,6,Credit,0.39950739255196266,0.41519803574471464,0.4740414398145967,0.5493512140524041,0.5750928501518594
Credit,7,N.O. GDP,-0.2679024367557954,-0.22561716930671083,-0.08632634876164662,0.05066225467306836,0.09305863522536652
Credit,7,Gov Exp,-0.20327463473664104,-0.16894886648968546,-0.06084899448982702,0.04591363333110071,0.08194503305524951
Credit,7,Imports,-0.2525877282376311,-0.22245879037454475,-0.1113403128445951,-0.002790272107085824,0.026325780681915233
Credit,7,CPI,0.037343290684530024,0.07050701717224533,0.1760114375385678,0.289138562759272,0.3248482341092639
Credit,7,Credit,0.44341498430358306,0.46153624330396936,0.5365895198605781,0.6353517503779502,0.6655349721111905
Credit,8,N.O. GDP,-0.3456906679351366,-0.2938514859706701,-0.11657010592018022,0.05543720698788772,0.10917297584342162
Credit,8,Gov Exp,-0.244436718233393,-0.20028679622524814,-0.06727188626669359,0.06483214497745345,0.10761755084131619
Credit,8,Imports,-0.31720117162589234,-0.27838765019682604,-0.1425614243180503,-0.008614219593925991,0.02942309668997772
Credit,8,CPI,0.05433956427612576,0.09469626670628471,0.22289692617732554,0.3625066252545163,0.40712752492174015
Credit,8,Credit,0.4719329735779477,0.4947686213733503,0.5863917255541505,0.7055799520270898,0.7442712686022458
Credit,9,N.O. GDP,-0.4362094506606261,-0.3708274321374979,-0.1492227535570269,0.056262143566267284,0.12035842368868245
Credit,9,Gov Exp,-0.28086430903894566,-0.23236404435467334,-0.07036747775589333,0.08448571582769174,0.13531427176560418
Credit,9,Imports,-0.3841848567870297,-0.33049103086807863,-0.1698451277006311,-0.01208866949813207,0.03315315539843952
Credit,9,CPI,0.07238146770982887,0.11959779977628249,0.27305346081893134,0.4418207029517752,0.49541294005514613
Credit,9,Credit,0.4900733876585759,0.5164129886409223,0.6241901140671962,0.7633341824109328,0.8097066511898737
Credit,10,N.O. GDP,-0.5342108400786257,-0.4533898473856962,-0.18633645142480018,0.057193245005771734,0.13049917069943015
Credit,10,Gov Exp,-0.3146270055443422,-0.2599963455506398,-0.07167241665266284,0.11118387766162709,0.17326652758382516
Credit,10,Imports,-0.44098233310895185,-0.38201556476984855,-0.19292303193788427,-0.010648900288147575,0.04383412077570946
Credit,10,CPI,0.08726464992651568,0.14656312434192037,0.3236262757407283,0.5253477409029637,0.589588494559991
Credit,10,Credit,0.49867844657273014,0.5277061650931956,0.6510261620218357,0.8083566446778663,0.8642261961479145
Credit,11,N.O. GDP,-0.6446660499567824,-0.5418659378601254,-0.2238478839048171,0.05530538234201293,0.14078234103738535
Credit,11,Gov Exp,-0.3492750963599998,-0.28809028085933935,-0.07082912887684086,0.14200412555306285,0.21618986942569557
Credit,11,Imports,-0.49292885046961926,-0.42580527772745747,-0.21158101774755156,-0.0025612268670522336,0.05896215151332205
Credit,11,CPI,0.11098063040918077,0.1730929554747863,0.3774985926284927,0.6129020520665149,0.6922186485043019
Credit,11,Credit,0.4969409626224748,0.5301871274775752,0.6678602054510832,0.8451509258095269,0.9069825276466691
Credit,12,N.O. GDP,-0.758477396913001,-0.6369209057104981,-0.26279286132224844,0.05425919576368298,0.15081131495039632
Credit,12,Gov Exp,-0.3837712123036146,-0.3137509397826402,-0.06652033492276077,0.17316417012716603,0.26099677811710026
Credit,12,Imports,-0.5382560361930956,-0.4599846173955687,-0.22463331554285004,0.010915729682996462,0.07983884353815832
Credit,12,CPI,0.13003481586809046,0.2020477918407574,0.4345213612893083,0.7039775070203198,0.7951101922132562
Credit,12,Credit,0.48678670275097013,0.5289926173355367,0.6770976046704518,0.8756750710644527,0.9406642082070995
Credit,13,N.O. GDP,-0.8823336495695238,-0.7369704541189483,-0.30207568464997725,0.04706840017753378,0.15792312661239927
Credit,13,Gov Exp,-0.41828713457621874,-0.32979246666760675,-0.06088064595286943,0.20978664935952124,0.30289574038259154
Credit,13,Imports,-0.5875868544623898,-0.49564690015144425,-0.22902705580872154,0.03244977879917097,0.1085725810691994
Credit,13,CPI,0.15353858581459512,0.2319167673899442,0.4937487148586102,0.8031371250032996,0.9103218398056417
Credit,13,Credit,0.4736961456255442,0.5200403715206907,0.6802567537282688,0.8930659672642794,0.9652153351712501
Credit,14,N.O. GDP,-1.0147233512887812,-0.839712308881633,-0.3431002774587307,0.03894887686327163,0.16559990166351274
Credit,14,Gov Exp,-0.4527053024442942,-0.34523422559568084,-0.050104786869148515,0.24809347737949164,0.34874899210433613
Credit,14,Imports,-0.620348375048165,-0.5176889157368378,-0.2275960085888331,0.06075968857467629,0.14929384346727104
Credit,14,CPI,0.17863394111468042,0.2625237601324237,0.5519445477721345,0.9080211661637068,1.0288452648594475
Credit,14,Credit,0.4557366965878003,0.5072421227404202,0.6805195390209197,0.9088026314602716,0.9870657909419641
Credit,15,N.O. GDP,-1.1451047579136169,-0.9484850772289447,-0.37884036330609816,0.034592897349722256,0.1700480481586476
Credit,15,Gov Exp,-0.48054201319974577,-0.3585156313516802,-0.038662998057989,0.2905968068414753,0.40487693594791646
Credit,15,Imports,-0.6483992876178003,-0.5336018903301358,-0.2246945831862316,0.09220917856094386,0.1959295195167728
Credit,15,CPI,0.20172994556846674,0.2952974215938867,0.6125345288089947,1.0109581583061416,1.1469223141059535
Credit,15,Credit,0.4305764646775582,0.4882202856406168,0.6744708760699274,0.9199931006165012,1.0048389710589225
Credit,16,N.O. GDP,-1.2778668611386121,-1.0549463823466154,-0.4164089502842826,0.037692945352871744,0.17512021952936013
Credit,16,Gov Exp,-0.5030350123122128,-0.37106133175906525,-0.02155396678268057,0.33185305209647176,0.4634683437890771
Credit,16,Imports,-0.6753699988631815,-0.5527493924572996,-0.21626017308598053,0.12685579393849816,0.24609214389964992
Credit,16,CPI,0.2230387715482544,0.3244029086817645,0.670074097434862,1.1154593673322541,1.2779580576065708
Credit,16,Credit,0.40227162756500096,0.4678182557543361,0.6700527923544589,0.9243968042536845,1.0158693498467013
Credit,17,N.O. GDP,-1.4202204350598837,-1.1582799832941815,-0.4505017159938036,0.03619125352072081,0.17987480766757055
Credit,17,Gov Exp,-0.5297941938048617,-0.3801167962371682,4.0510129897522836e-4,0.3751796266483754,0.5152677140715837
Credit,17,Imports,-0.6981476815601264,-0.5632992727514615,-0.20546350394243285,0.166142658878179,0.2968231889580957
Credit,17,CPI,0.24770055904910226,0.359364578615444,0.7289890922236525,1.2229668784496186,1.4087427010733424
Credit,17,Credit,0.3713390139978906,0.4440644552152788,0.6633230508281149,0.9343989291131649,1.0265794297129476
Credit,18,N.O. GDP,-1.5795376714866682,-1.2658299865710834,-0.48253642334314034,0.03528444209898662,0.1828727904329148
Credit,18,Gov Exp,-0.5540586391468018,-0.39122183022860646,0.02407702716010523,0.41963373965162076,0.5761285477068638
Credit,18,Imports,-0.7283469317790121,-0.5689722609741419,-0.18812056126553406,0.20841612590848213,0.3496983875046119
Credit,18,CPI,0.2700805229656262,0.39044523040266954,0.7881726519789707,1.3300729725904687,1.5642548721413514
Credit,18,Credit,0.3377039064185543,0.4200412828680542,0.6556205576803842,0.9408832467108325,1.0336415958539358
Credit,19,N.O. GDP,-1.7417754886553278,-1.3635672849200953,-0.5122477569795667,0.03860685949816145,0.2049249568233626
Credit,19,Gov Exp,-0.5785155005958673,-0.40128904766846046,0.04664048560387131,0.4657107555253224,0.6293855961460135
Credit,19,Imports,-0.7534317330225895,-0.5729967740838617,-0.1746659101808947,0.24520155417338096,0.40398249844024603
Credit,19,CPI,0.2934710089149194,0.4228658659485325,0.8435090347331466,1.4409046094595002,1.7033064248104288
Credit,19,Credit,0.30509882867739896,0.39240726171748774,0.6506662874661034,0.9499444861229567,1.0449955386457461
Credit,20,N.O. GDP,-1.8882622454845732,-1.47836468718898,-0.5396316830913255,0.043037766002982175,0.2247022172179891
Credit,20,Gov Exp,-0.5982429144796626,-0.4119276562305967,0.0754180942495308,0.5169138698857575,0.6947414324362696
Credit,20,Imports,-0.7749111715787584,-0.5807861116058983,-0.16029991980607872,0.28638968789602204,0.4662158404071421
Credit,20,CPI,0.3120219694206178,0.4538606022886037,0.8987006505960973,1.5618271233043808,1.8605273107414548
Credit,20,Credit,0.261907522587442,0.3643554762109903,0.6444948219587672,0.9548889543960055,1.0554422374423709
